round,sandbox_id,create_http_ms,ready_ms,total_ms,status
1,i7fbkmi9pw3928zf9ooiq,89,43,181,ok
2,iaf9ax11wzprho8f4etjb,93,44,191,ok
3,it8u4egwl1nc6u931s9zd,98,44,194,ok
4,ire9aii0rpbf75hxk46z7,96,43,187,ok
5,ipij9848kf4ialm1oqd57,99,43,190,ok
6,iudmlimltmsrrlsudo6dj,86,42,183,ok
7,i71iqw2tybk1a1jt5xesb,95,43,186,ok
8,iepiayrxa49krlabqwuqb,100,42,194,ok
9,izxfpl3ypkdxrfjdwuryg,105,44,201,ok
10,ipo1ggxscc3ac61guye34,84,41,176,ok
11,im3ogutb36sj8zlpx9fqr,80,43,176,ok
12,iikm98espuit16nrl6p6q,87,41,180,ok
13,izombmtshz263g59ou7b3,79,23,152,ok
14,ilj4c2q7dxgosi1zfbun9,95,42,190,ok
15,iblyd9jd91btcdtqx4rz7,90,38,181,ok
16,it0x0dc9r5lkvvkzbl316,95,44,193,ok
17,ib6j0e7pjg0phvb8cspx9,93,44,190,ok
18,i6fppmv0hix8smlbyygo9,89,43,186,ok
19,ik9jdkobc3myxfn42zj8t,84,45,183,ok
20,ip7wa0hf132e7j7vmycl6,100,44,197,ok
21,i0jl37fpp28b8st8acpas,78,43,174,ok
22,ivkp38g9smx6u42qmx6ar,87,43,183,ok
23,iio3sfgjpmojdywu4f9ia,81,43,176,ok
24,i96y2vg3169gipcd31r10,95,53,200,ok
25,ihih79kyh630bmpykkc8j,79,21,146,ok
26,ikelsv9dkzf2iwh3t4gn2,83,41,170,ok
27,izrhvy1x6v0rmh83dnrb2,97,43,195,ok
28,ib7zen1l4tjwhqoqhru4z,77,44,175,ok
29,izi3lqw8wplv7tco1wygi,85,43,181,ok
30,ix4rugpa30g1bfs86xo4r,94,45,195,ok
31,i4pdgzfwn75bwq3pso3b7,101,40,193,ok
32,i23jpjag0d64yqr9ieg31,85,47,185,ok
33,ir80aujcup6kw2edzaomz,88,44,187,ok
34,ik4i461vw4ad4pz5yue8b,88,45,185,ok
35,i1kj8z3yg1i6scssyik03,84,44,183,ok
36,i9ezph26d378419chgqxk,96,46,196,ok
37,i2eyhf2jod393ianl4zw5,88,44,187,ok
38,ix16qbgaf1wv2lx0syss3,90,42,186,ok
39,i2fovb0hrgqa3l9y6naaj,78,45,177,ok
40,iajphoon8fo9my53k2p7d,82,45,180,ok
41,iqw86uz5bp9445x87cvcz,73,44,162,ok
42,ipkaj6nijo7l2e339po73,79,43,175,ok
43,iv3v85yda12t9i8uz1mdt,82,45,182,ok
44,i0mfjltgxf3sxdsf6ugj5,85,44,182,ok
45,iu7gclzyhdjou5u5vsmjp,86,44,184,ok
46,i4ik0azmee3exbgnozkc3,92,44,188,ok
47,ir16ke5qkozdccvahwm7h,90,44,186,ok
48,iqbzh2qu61qnz7ih0nsn4,89,38,153,ok
49,ihb83znyvhzuv3lkfvl3s,81,43,176,ok
50,imjil1byx5ka9akln1k4p,80,44,176,ok
